id,name,model_id:id,group_id:id,perm_read,perm_write,perm_create,perm_unlink

access_sales_target_manager,sales.target.manager,model_sales_target,group_sale_target_manager,1,1,1,1
access_sales_target_user,sales.target.user,model_sales_target,group_sale_target_user,1,1,1,0

access_sales_target_line_manager,sales.target.line.manager,model_sales_target_line,group_sale_target_manager,1,1,1,1
access_sales_target_line_user,sales.target.line.user,model_sales_target_line,group_sale_target_user,1,1,1,1

access_sales_target_invoice_manager,sales.target.invoice.manager,model_sales_target_invoice,group_sale_target_manager,1,1,1,1
access_sales_target_invoice_user,sales.target.invoice.user,model_sales_target_invoice,group_sale_target_user,1,1,1,0

access_branch_master,branch.master,model_branch_master,group_sale_target_manager,1,1,1,1
access_branch_user,branch.master,model_branch_master,group_sale_target_user,1,1,1,0

access_sale_target_monthly_master,sale.target.monthly,model_sale_target_monthly,group_sale_target_manager,1,1,1,1
access_sale_target_monthly_user,sale.target.monthly,model_sale_target_monthly,group_sale_target_user,1,1,1,0

access_sales_target_january,sales.target.january,model_sales_target_january,base.group_user,1,1,1,1
access_sales_target_february,sales.target.february,model_sales_target_february,base.group_user,1,1,1,1
access_sales_target_march,sales.target.march,model_sales_target_march,base.group_user,1,1,1,1
access_sales_target_april,sales.target.april,model_sales_target_april,base.group_user,1,1,1,1
access_sales_target_may,sales.target.may,model_sales_target_may,base.group_user,1,1,1,1
access_sales_target_june,sales.target.june,model_sales_target_june,base.group_user,1,1,1,1
access_sales_target_july,sales.target.july,model_sales_target_july,base.group_user,1,1,1,1
access_sales_target_august,sales.target.august,model_sales_target_august,base.group_user,1,1,1,1
access_sales_target_september,sales.target.september,model_sales_target_september,base.group_user,1,1,1,1
access_sales_target_october,sales.target.october,model_sales_target_october,base.group_user,1,1,1,1
access_sales_target_november,sales.target.november,model_sales_target_november,base.group_user,1,1,1,1
access_sales_target_december,sales.target.december,model_sales_target_december,base.group_user,1,1,1,1
access_order_line_details,order.line.details,model_order_line_details,base.group_user,1,1,1,1