<?xml version="1.0"?>
<odoo>
    <data>

    <record id="user_access_salestarget" model="ir.rule">
            <field name="name">User only can able to see</field>
            <field name="model_id" ref="model_sales_target"/>
            <field name="groups" eval="[(4, ref('group_sale_target_user'))]"/>
            <field name="domain_force">[('salesperson_name','=',user.id)]</field>
            <field name="perm_read" eval="1"/>
            <field name="perm_write" eval="1"/>
            <field name="perm_create" eval="1"/>
            <field name="perm_unlink" eval="0"/>
         </record>

         <record id="user_access_saletarget_monthly" model="ir.rule">
            <field name="name">User only can able to see</field>
            <field name="model_id" ref="model_sale_target_monthly"/>
            <field name="groups" eval="[(4, ref('group_sale_target_user'))]"/>
            <field name="domain_force">[('salesperson_name','=',user.id)]</field>
            <field name="perm_read" eval="1"/>
            <field name="perm_write" eval="1"/>
            <field name="perm_create" eval="1"/>
            <field name="perm_unlink" eval="0"/>
         </record>



         <record id="user_access_product_details" model="ir.rule">
            <field name="name">Product Details</field>
            <field name="model_id" ref="model_order_line_details"/>
            <field name="groups" eval="[(4, ref('group_sale_target_user'))]"/>
            <field name="domain_force">[('user_id','=',user.id)]</field>
            <field name="perm_read" eval="1"/>
            <field name="perm_write" eval="1"/>
            <field name="perm_create" eval="1"/>
            <field name="perm_unlink" eval="0"/>
         </record>


         <record id="user_access_sales_details" model="ir.rule">
            <field name="name">Sales</field>
            <field name="model_id" ref="model_sales_target_line"/>
            <field name="groups" eval="[(4, ref('group_sale_target_user'))]"/>
            <field name="domain_force">[('user_id','=',user.id)]</field>
            <field name="perm_read" eval="1"/>
            <field name="perm_write" eval="1"/>
            <field name="perm_create" eval="1"/>
            <field name="perm_unlink" eval="0"/>
         </record>

         <record id="user_access_invoice_details" model="ir.rule">
            <field name="name">Invoices</field>
            <field name="model_id" ref="model_sales_target_invoice"/>
            <field name="groups" eval="[(4, ref('group_sale_target_user'))]"/>
            <field name="domain_force">[('invoice_user_id','=',user.id)]</field>
            <field name="perm_read" eval="1"/>
            <field name="perm_write" eval="1"/>
            <field name="perm_create" eval="1"/>
            <field name="perm_unlink" eval="0"/>
         </record>


         <!-- <record id="users_contact_rule_details" model="ir.rule">
            <field name="name">Contacts Rule</field>
            <field name="model_id" ref="model_res_partner"/>
            <field name="domain_force">[('sales_person_id', '=', user.id)]</field>
            <field name="groups" eval="[(4,ref('group_sale_target_user'))]"/>
            <field name="perm_read" eval="True"/>
            <field name="perm_write" eval="False"/>
            <field name="perm_create" eval="False"/>
            <field name="perm_unlink" eval="False"/>
        </record> -->



         <!-- <record id="user_access_salestarget_monthly" model="ir.rule">
            <field name="name">User only can able to see the monthly wise</field>
            <field name="model_id" ref="model_sale_target_monthly"/>
            <field name="groups" eval="[(4, ref('group_sale_target_user'))]"/>
            <field name="domain_force">[('salesperson_name','=',user.id)]</field>
            <field name="perm_read" eval="1"/>
            <field name="perm_write" eval="1"/>
            <field name="perm_create" eval="1"/>
            <field name="perm_unlink" eval="0"/>
         </record> -->

         <!-- <record id="view_users_invisible" model="ir.ui.view">
            <field name="name">view.user.invisible</field>
            <field name="model">sales.target</field>
            <field name="inherit_id" ref="sale_target.sales_target_form"/>
            <field name="groups_id" eval="[(4,ref('sale_target.group_sale_target_manager'))]"/>
            <field name="arch" type="xml">

                <field name="responsible" position="attributes">
                   <attribute name="readonly">1</attribute>
                </field>



                <field name="branch" position="attributes">
                   <attribute name="readonly">1</attribute>
                </field>

                </field>
                </record> -->

                <record id="field_view_userwise_invisible" model="ir.ui.view">
                  <field name="name">fieldview.user.invisible</field>
                  <field name="model">sale.confirm.form</field>
                  <field name="inherit_id" ref="gmt_product.view_sale_confirm_form"/>
                  <field name="groups_id" eval="[(6, 0, [ref('sale_target.group_sale_target_user')])]"/>
                  <field name="arch" type="xml">

                     <group name="purchase_details" position="attributes">
                        <attribute name="invisible">1</attribute>
                    </group>
                    
                      <!-- <field name="purchase_no" position="attributes">
                          <attribute name="invisible">1</attribute>
                      </field>
                      <field name="date" position="attributes">
                          <attribute name="invisible">1</attribute>
                      </field>
                      <field name="despatch_period" position="attributes">
                          <attribute name="invisible">1</attribute>
                      </field> -->
                      
                  </field>
              </record>

              <!-- <menuitem action="crm.crm_stage_action" name="Stages" id="crm_stage_action_customs_menu_id" groups="sale_target.group_sale_target_manager" parent="crm.crm_menu_root" sequence="10"/> -->

              


        <record id="view_users_invisible" model="ir.ui.view">
            <field name="name">view.user.invisible</field>
            <field name="model">sales.target</field>
            <field name="inherit_id" ref="sale_target.sales_target_form"/>
            <field name="groups_id" eval="[(4,ref('sale_target.group_sale_target_user'))]"/>
            <!-- <field name="context">{'search_default_my_quotation': 1}</field> -->
            <field name="arch" type="xml">

                <!-- <field name="salesperson_name" position="attributes">
                   <attribute name="readonly">1</attribute>
                </field>

                <field name="start_date" position="attributes">
                   <attribute name="readonly">1</attribute>
                </field>

                <field name="end_date" position="attributes">
                   <attribute name="readonly">1</attribute>
                </field> -->

                <field name="responsible" position="attributes">
                   <attribute name="readonly">1</attribute>
                </field>

                <!-- <field name="target_point" position="attributes">
                   <attribute name="readonly">1</attribute>
                </field>

                <field name="target" position="attributes">
                   <attribute name="readonly">1</attribute>
                </field>

                <field name="achivement" position="attributes">
                   <attribute name="readonly">1</attribute>
                </field>

                <field name="difference" position="attributes">
                   <attribute name="readonly">1</attribute>
                </field>

                <field name="sales_target" position="attributes">
                   <attribute name="readonly">1</attribute>
                </field>
                
                <field name="achivement_percentage" position="attributes">
                   <attribute name="readonly">1</attribute>
                </field> -->

                <field name="branch" position="attributes">
                   <attribute name="readonly">1</attribute>
                </field>
<!-- 
                <search>
                  <filter string="State" name="state" domain="[('state', '!=', 'done'),('salesperson_name', '=', uid)]"/>
                </search> -->

                </field>
                </record>
     </data>
</odoo>